, V1, I1
0,0.0,-1.5600000000000004e-13
1,0.01,-1.0500000000000001e-13
2,0.02,-2.6e-13
3,0.03,-1.36e-13
4,0.04,-8e-15
5,0.05,-4.0000000000000006e-14
6,0.06,-1.65e-13
7,0.07,-2.540000000000001e-13
8,0.08,-1.4e-14
9,0.09,-2.7e-13
10,0.1,8.7e-14
11,0.11,6.7e-14
12,0.12,6.2e-14
13,0.13,-3.110000000000001e-13
14,0.14,1.3e-14
15,0.15,4.8e-14
16,0.16,3.1e-14
17,0.17,5.1e-14
18,0.18,-1.8400000000000002e-13
19,0.19,2.2600000000000002e-13
20,0.2,1.5000000000000002e-14
21,0.21,-2.2700000000000002e-13
22,0.22,8.5e-14
23,0.23,-1.9500000000000005e-13
24,0.24,-1.6e-14
25,0.25,-1.64e-13
26,0.26,-6.600000000000001e-14
27,0.27,2.2e-14
28,0.28,-9.8e-14
29,0.29,-2.1e-14
30,0.3,-1.3900000000000001e-13
31,0.31,4.6000000000000006e-14
32,0.32,-5.5000000000000005e-14
33,0.33,2.9e-14
34,0.34,-1.1e-14
35,0.35,1.1000000000000001e-13
36,0.36,-9.7e-14
37,0.37,1.4e-14
38,0.38,5.5000000000000005e-14
39,0.39,-4.8e-14
40,0.4,-2.9e-14
41,0.41,1.23e-13
42,0.42,1.12e-13
43,0.43,4.3000000000000006e-14
44,0.44,2.4e-14
45,0.45,-2.94e-13
46,0.46,-1.71e-13
47,0.47,7e-15
48,0.48,-2.1e-14
49,0.49,-3.6000000000000004e-14
50,0.5,-3.0000000000000002e-15
51,0.51,-1.1e-14
52,0.52,2.6000000000000003e-14
53,0.53,2.7e-14
54,0.54,1.6700000000000005e-13
55,0.55,-2.2e-14
56,0.56,-8.600000000000001e-14
57,0.57,-5.5000000000000005e-14
58,0.58,-6.1e-14
59,0.59,-9e-14
60,0.6,1.16e-13
61,0.61,-1.59e-13
62,0.62,-1.8000000000000002e-14
63,0.63,-7e-15
64,0.64,1.3100000000000002e-13
65,0.65,1.36e-13
66,0.66,8.900000000000001e-14
67,0.67,1.2e-14
68,0.68,1.1300000000000001e-13
69,0.69,-6.000000000000001e-14
70,0.7,1.23e-13
71,0.71,1.58e-13
72,0.72,1.2100000000000004e-13
73,0.73,6.600000000000001e-14
74,0.74,6.1e-14
75,0.75,7.3e-14
76,0.76,-2.9e-14
77,0.77,4.0000000000000006e-14
78,0.78,1.18e-13
79,0.79,-8.8e-14
80,0.8,-1.8000000000000002e-14
81,0.81,-3.4e-14
82,0.82,1.89e-13
83,0.83,3.3000000000000005e-14
84,0.84,2.0000000000000003e-14
85,0.85,8.2e-14
86,0.86,1.3e-14
87,0.87,1.9200000000000001e-13
88,0.88,1.5600000000000004e-13
89,0.89,1.6100000000000005e-13
90,0.9,4.2e-14
91,0.91,2.35e-13
92,0.92,1.17e-13
93,0.93,1.18e-13
94,0.94,1.5600000000000004e-13
95,0.95,7.3e-14
96,0.96,2.9e-14
97,0.97,1.1500000000000004e-13
98,0.98,1.12e-13
99,0.99,2.06e-13
100,1.0,1.54e-13
101,1.01,9.8e-14
102,1.02,2.11e-13
103,1.03,1.7e-13
104,1.04,3.490000000000001e-13
105,1.05,2.9700000000000005e-13
106,1.06,2.1600000000000001e-13
107,1.07,9.3e-14
108,1.08,1.54e-13
109,1.09,1.3700000000000002e-13
110,1.1,3.240000000000001e-13
111,1.11,1.75e-13
112,1.12,2.06e-13
113,1.13,2.880000000000001e-13
114,1.14,3.010000000000001e-13
115,1.15,2.7500000000000004e-13
116,1.16,3.110000000000001e-13
117,1.17,2.6e-13
118,1.18,3.03e-13
119,1.19,2.900000000000001e-13
120,1.2,3.5e-13
121,1.21,4.250000000000001e-13
122,1.22,3.7000000000000004e-13
123,1.23,2.770000000000001e-13
124,1.24,3.340000000000001e-13
125,1.25,3.7300000000000003e-13
126,1.26,4.4100000000000004e-13
127,1.27,4e-13
128,1.28,4.490000000000001e-13
129,1.29,2.83e-13
130,1.3,3.120000000000001e-13
131,1.31,4.0700000000000003e-13
132,1.32,4.840000000000002e-13
133,1.33,3.8100000000000004e-13
134,1.34,3.590000000000001e-13
135,1.35,5.520000000000002e-13
136,1.36,6.29e-13
137,1.37,5.58e-13
138,1.38,5.790000000000002e-13
139,1.39,4.97e-13
140,1.4,4.0700000000000003e-13
141,1.41,7.48e-13
142,1.42,5.88e-13
143,1.43,6.980000000000002e-13
144,1.44,4.840000000000002e-13
145,1.45,6.470000000000002e-13
146,1.46,5.17e-13
147,1.47,7.53e-13
148,1.48,7.31e-13
149,1.49,7.920000000000001e-13
150,1.5,7.390000000000001e-13
151,1.51,8.270000000000002e-13
152,1.52,7.910000000000001e-13
153,1.53,9.030000000000002e-13
154,1.54,8.760000000000001e-13
155,1.55,8.620000000000001e-13
156,1.56,9.63e-13
157,1.57,1.143e-12
158,1.58,9.72e-13
159,1.59,1.065e-12
160,1.6,1.003e-12
161,1.61,9.930000000000001e-13
162,1.62,1.028e-12
163,1.63,1.088e-12
164,1.64,1.17e-12
165,1.65,1.1710000000000002e-12
166,1.66,1.287e-12
167,1.67,1.2080000000000001e-12
168,1.68,1.3820000000000002e-12
169,1.69,1.333e-12
170,1.7,1.404e-12
171,1.71,1.4860000000000001e-12
172,1.72,1.5160000000000002e-12
173,1.73,1.548e-12
174,1.74,1.642e-12
175,1.75,1.732e-12
176,1.76,1.8820000000000007e-12
177,1.77,1.7730000000000002e-12
178,1.78,1.7640000000000004e-12
179,1.79,1.8530000000000003e-12
180,1.8,1.9200000000000003e-12
181,1.81,2.051e-12
182,1.82,2.026e-12
183,1.83,2.006e-12
184,1.84,2.094e-12
185,1.85,2.143e-12
186,1.86,2.2750000000000003e-12
187,1.87,2.3790000000000007e-12
188,1.88,2.4840000000000003e-12
189,1.89,2.473e-12
190,1.9,2.452e-12
191,1.91,2.7340000000000007e-12
192,1.92,2.7300000000000007e-12
193,1.93,2.824e-12
194,1.94,2.9230000000000004e-12
195,1.95,2.941e-12
196,1.96,2.988e-12
197,1.97,3.0970000000000002e-12
198,1.98,3.2140000000000002e-12
199,1.99,3.2910000000000004e-12
200,2.0,3.3060000000000007e-12
201,2.01,3.242e-12
202,2.02,3.451e-12
203,2.03,3.5580000000000004e-12
204,2.04,3.81e-12
205,2.05,3.673e-12
206,2.06,3.871e-12
207,2.07,3.989e-12
208,2.08,4.045000000000001e-12
209,2.09,4.304e-12
210,2.1,4.298000000000001e-12
211,2.11,4.496e-12
212,2.12,4.461000000000001e-12
213,2.13,4.525e-12
214,2.14,4.748e-12
215,2.15,4.798e-12
216,2.16,4.982e-12
217,2.17,4.901e-12
218,2.18,5.202000000000001e-12
219,2.19,5.466e-12
220,2.2,5.404000000000001e-12
221,2.21,5.657000000000001e-12
222,2.22,5.710000000000001e-12
223,2.23,5.963e-12
224,2.24,6.103e-12
225,2.25,6.339e-12
226,2.26,6.455e-12
227,2.27,6.506000000000001e-12
228,2.28,6.677000000000001e-12
229,2.29,6.913000000000001e-12
230,2.3000000000000003,6.894e-12
231,2.31,7.1480000000000015e-12
232,2.32,7.274e-12
233,2.33,7.457000000000001e-12
234,2.34,7.75e-12
235,2.35,7.971e-12
236,2.36,8.213e-12
237,2.37,8.487000000000001e-12
238,2.38,8.693000000000001e-12
239,2.39,8.815e-12
240,2.4,9.04e-12
241,2.41,9.287000000000001e-12
242,2.42,9.591e-12
243,2.43,9.76e-12
244,2.44,9.876e-12
245,2.45,1.012e-11
246,2.46,1.0273e-11
247,2.47,1.0907e-11
248,2.48,1.1044e-11
249,2.49,1.1169e-11
250,2.5,1.1518000000000002e-11
251,2.51,1.1743e-11
252,2.52,1.2025e-11
253,2.53,1.2388e-11
254,2.54,1.2758e-11
255,2.5500000000000003,1.2924e-11
256,2.56,1.3377000000000002e-11
257,2.57,1.3649e-11
258,2.58,1.3784000000000002e-11
259,2.59,1.4481000000000002e-11
260,2.6,1.4629e-11
261,2.61,1.491e-11
262,2.62,1.5453000000000002e-11
263,2.63,1.6427000000000002e-11
264,2.64,1.6816e-11
265,2.65,1.7380000000000002e-11
266,2.66,1.763e-11
267,2.67,1.7798e-11
268,2.68,1.8091e-11
269,2.69,1.8697e-11
270,2.7,1.9109e-11
271,2.71,1.9667e-11
272,2.72,1.9906e-11
273,2.73,2.0463000000000003e-11
274,2.74,2.1296e-11
275,2.75,2.2008e-11
276,2.76,2.2371e-11
277,2.77,2.2817e-11
278,2.78,2.2908e-11
279,2.79,2.4128e-11
280,2.8000000000000003,2.3587000000000003e-11
281,2.81,2.5721e-11
282,2.82,2.5166000000000003e-11
283,2.83,3.1012e-11
284,2.84,3.1362e-11
285,2.85,3.2526e-11
286,2.86,3.4583000000000005e-11
287,2.87,3.5597000000000005e-11
288,2.88,5.2237000000000005e-11
289,2.89,3.7205e-11
290,2.9,3.5218000000000004e-11
291,2.91,3.4730000000000006e-11
292,2.92,3.5595e-11
293,2.93,3.8688e-11
294,2.94,4.4261000000000006e-11
295,2.95,3.8588e-11
296,2.96,3.7749e-11
297,2.97,4.0346000000000006e-11
298,2.98,4.1882000000000006e-11
299,2.99,4.0339e-11
300,3.0,4.2247e-11
301,3.01,4.1884e-11
302,3.02,4.2527e-11
303,3.03,4.6105000000000005e-11
304,3.04,5.6911e-11
305,3.0500000000000003,6.1555e-11
306,3.06,5.2979000000000005e-11
307,3.0700000000000003,5.219e-11
308,3.08,5.2610000000000006e-11
309,3.09,5.5505000000000006e-11
310,3.1,5.2454000000000006e-11
311,3.11,5.3846000000000005e-11
312,3.12,6.692100000000001e-11
313,3.13,6.6809e-11
314,3.14,7.731400000000001e-11
315,3.15,1.38089e-10
316,3.16,1.12705e-10
317,3.17,8.2827e-11
318,3.18,1.2914e-10
319,3.19,1.16893e-10
320,3.2,9.6365e-11
321,3.21,9.9087e-11
322,3.22,2.5445500000000003e-10
323,3.23,2.15582e-10
324,3.24,1.96413e-10
325,3.25,7.16074e-10
326,3.26,4.752590000000001e-10
327,3.27,4.09476e-10
328,3.28,4.861e-10
329,3.29,4.56913e-08
330,3.3000000000000003,3.2322699999999995e-08
331,3.31,2.92715e-08
332,3.3200000000000003,4.881649999999999e-08
333,3.33,1.95187e-08
334,3.34,3.02619e-08
335,3.35,2.95573e-08
336,3.36,3.88546e-08
337,3.37,3.66607e-08
338,3.38,4.03162e-08
339,3.39,5.38664e-08
340,3.4,7.021709999999999e-08
341,3.41,6.24589e-08
342,3.42,5.923739999999999e-08
343,3.43,4.92265e-08
344,3.44,5.11405e-08
345,3.45,4.95414e-08
346,3.46,5.36301e-08
347,3.47,4.78805e-08
348,3.48,3.19362e-08
349,3.49,3.97628e-08
350,3.5,5.08073e-08
351,3.51,6.762239999999999e-08
352,3.52,5.075889999999999e-08
353,3.53,5.519989999999999e-08
354,3.54,7.88285e-08
355,3.5500000000000003,7.12121e-08
356,3.56,7.968079999999999e-08
357,3.5700000000000003,7.047e-08
358,3.58,4.635069999999999e-08
359,3.59,5.385519999999999e-08
360,3.6,4.0574e-08
361,3.61,8.787099999999998e-08
362,3.62,1.14181e-07
363,3.63,8.985129999999999e-08
364,3.64,9.11561e-08
365,3.65,9.5779e-08
366,3.66,8.04062e-08
367,3.67,8.147829999999999e-08
368,3.68,1.48272e-07
369,3.69,1.24143e-07
370,3.7,1.00334e-07
371,3.71,1.37904e-07
372,3.72,1.13365e-07
373,3.73,1.26637e-07
374,3.74,1.34595e-07
375,3.75,1.48597e-07
376,3.76,1.49806e-07
377,3.77,1.59652e-07
378,3.78,1.33875e-07
379,3.79,1.28184e-07
380,3.8,1.83124e-07
381,3.81,1.33467e-07
382,3.82,1.7674399999999998e-07
383,3.83,0.0001000024
384,3.84,0.0001000023
385,3.85,0.0001000022
386,3.86,0.0001000022
387,3.87,0.0001000022
388,3.88,0.0001000022
389,3.89,0.0001000022
390,3.9,0.0001000023
391,3.91,0.0001000022
392,3.92,0.0001000021
393,3.93,0.0001000022
394,3.94,0.0001000022
395,3.95,0.0001000023
396,3.96,0.0001000022
397,3.97,0.0001000022
398,3.98,0.0001000023
399,3.99,0.0001000023
400,4.0,0.0001000022
401,4.01,0.0001000022
402,4.0200000000000005,0.0001000022
403,4.03,0.0001000022
404,4.04,0.0001000023
405,4.05,0.0001000022
406,4.0600000000000005,0.0001000022
407,4.07,0.0001000022
408,4.08,0.0001000022
409,4.09,0.0001000023
410,4.1,0.0001000021
411,4.11,0.0001000023
412,4.12,0.0001000022
413,4.13,0.0001000022
414,4.14,0.0001000022
415,4.15,0.0001000022
416,4.16,0.0001000022
417,4.17,0.0001000023
418,4.18,0.0001000022
419,4.19,0.0001000022
420,4.2,0.0001000022
421,4.21,0.0001000022
422,4.22,0.0001000022
423,4.23,0.0001000022
424,4.24,0.0001000022
425,4.25,0.0001000023
426,4.26,0.0001000022
427,4.2700000000000005,0.0001000023
428,4.28,0.0001000022
429,4.29,0.0001000023
430,4.3,0.0001000022
431,4.3100000000000005,0.0001000022
432,4.32,0.0001000022
433,4.33,0.0001000023
434,4.34,0.0001000023
435,4.3500000000000005,0.0001000023
436,4.36,0.0001000023
437,4.37,0.0001000023
438,4.38,0.0001000022
439,4.39,0.0001000022
440,4.4,0.0001000022
441,4.41,0.0001000023
442,4.42,0.0001000021
443,4.43,0.0001000023
444,4.44,0.0001000023
445,4.45,0.0001000022
446,4.46,0.0001000022
447,4.47,0.0001000023
448,4.48,0.0001000022
449,4.49,0.0001000022
450,4.5,0.0001000022
451,4.51,0.0001000022
452,4.5200000000000005,0.0001000023
453,4.53,0.0001000022
454,4.54,0.0001000022
455,4.55,0.0001000022
456,4.5600000000000005,0.0001000022
457,4.57,0.0001000023
458,4.58,0.0001000022
459,4.59,0.0001000022
460,4.6000000000000005,0.0001000022
461,4.61,0.0001000023
462,4.62,0.0001000022
463,4.63,0.0001000022
464,4.64,0.0001000021
465,4.65,0.0001000023
466,4.66,0.0001000022
467,4.67,0.0001000022
468,4.68,0.0001000023
469,4.69,0.0001000022
470,4.7,0.0001000023
471,4.71,0.0001000022
472,4.72,0.0001000023
473,4.73,0.0001000023
474,4.74,0.0001000021
475,4.75,0.0001000022
476,4.76,0.0001000022
477,4.7700000000000005,0.0001000022
478,4.78,0.0001000022
479,4.79,0.0001000022
480,4.8,0.0001000022
481,4.8100000000000005,0.0001000023
482,4.82,0.0001000024
483,4.83,0.0001000023
484,4.84,0.0001000022
485,4.8500000000000005,0.0001000023
486,4.86,0.0001000023
487,4.87,0.0001000023
488,4.88,0.0001000023
489,4.89,0.0001000022
490,4.9,0.0001000022
491,4.91,0.0001000022
492,4.92,0.0001000022
493,4.93,0.0001000022
494,4.94,0.0001000023
495,4.95,0.0001000023
496,4.96,0.0001000023
497,4.97,0.0001000022
498,4.98,0.0001000022
499,4.99,0.0001000022
500,5.0,0.0001000023
501,5.01,0.0001000022
502,5.0200000000000005,0.0001000022
503,5.03,0.0001000022
504,5.04,0.0001000023
505,5.05,0.0001000022
506,5.0600000000000005,0.0001000022
507,5.07,0.0001000023
508,5.08,0.0001000022
509,5.09,0.0001000022
510,5.1000000000000005,0.0001000023
511,5.11,0.0001000022
512,5.12,0.0001000022
513,5.13,0.0001000022
514,5.14,0.0001000023
515,5.15,0.0001000023
516,5.16,0.0001000023
517,5.17,0.0001000023
518,5.18,0.0001000021
519,5.19,0.0001000022
520,5.2,0.0001000022
521,5.21,0.0001000023
522,5.22,0.0001000023
523,5.23,0.0001000023
524,5.24,0.0001000022
525,5.25,0.0001000023
526,5.26,0.0001000022
527,5.2700000000000005,0.0001000022
528,5.28,0.0001000022
529,5.29,0.0001000022
530,5.3,0.0001000023
531,5.3100000000000005,0.0001000022
532,5.32,0.0001000023
533,5.33,0.0001000022
534,5.34,0.0001000023
535,5.3500000000000005,0.0001000023
536,5.36,0.0001000022
537,5.37,0.0001000023
538,5.38,0.0001000022
539,5.39,0.0001000022
540,5.4,0.0001000023
541,5.41,0.0001000022
542,5.42,0.0001000022
543,5.43,0.0001000022
544,5.44,0.0001000022
545,5.45,0.0001000021
546,5.46,0.0001000022
547,5.47,0.0001000023
548,5.48,0.0001000022
549,5.49,0.0001000023
550,5.5,0.0001000022
551,5.49,0.0001000021
552,5.48,0.0001000022
553,5.47,0.0001000022
554,5.46,0.0001000022
555,5.45,0.0001000022
556,5.44,0.0001000023
557,5.43,0.0001000021
558,5.42,0.0001000023
559,5.41,0.0001000022
560,5.4,0.0001000021
561,5.39,0.0001000023
562,5.38,0.0001000023
563,5.37,0.0001000022
564,5.36,0.0001000022
565,5.3500000000000005,0.0001000022
566,5.34,0.0001000023
567,5.33,0.0001000023
568,5.32,0.0001000023
569,5.3100000000000005,0.0001000021
570,5.3,0.0001000022
571,5.29,0.0001000023
572,5.28,0.0001000022
573,5.2700000000000005,0.0001000022
574,5.26,0.0001000022
575,5.25,0.0001000022
576,5.24,0.0001000022
577,5.23,0.0001000023
578,5.22,0.0001000022
579,5.21,0.0001000022
580,5.2,0.0001000023
581,5.19,0.0001000021
582,5.18,0.0001000022
583,5.17,0.0001000023
584,5.16,0.0001000023
585,5.15,0.0001000023
586,5.14,0.0001000022
587,5.13,0.0001000022
588,5.12,0.0001000022
589,5.11,0.0001000022
590,5.1000000000000005,0.0001000023
591,5.09,0.0001000023
592,5.08,0.0001000023
593,5.07,0.0001000022
594,5.0600000000000005,0.0001000022
595,5.05,0.0001000022
596,5.04,0.0001000022
597,5.03,0.0001000023
598,5.0200000000000005,0.0001000022
599,5.01,0.0001000022
600,5.0,0.0001000022
601,4.99,0.0001000023
602,4.98,0.0001000022
603,4.97,0.0001000023
604,4.96,0.0001000023
605,4.95,0.0001000022
606,4.94,0.0001000023
607,4.93,0.0001000023
608,4.92,0.0001000022
609,4.91,0.0001000023
610,4.9,0.0001000023
611,4.89,0.0001000023
612,4.88,0.0001000023
613,4.87,0.0001000022
614,4.86,0.0001000023
615,4.8500000000000005,0.0001000023
616,4.84,0.0001000023
617,4.83,0.0001000022
618,4.82,0.0001000023
619,4.8100000000000005,0.0001000022
620,4.8,0.0001000022
621,4.79,0.0001000022
622,4.78,0.0001000022
623,4.7700000000000005,0.0001000022
624,4.76,0.0001000022
625,4.75,0.0001000022
626,4.74,0.0001000022
627,4.73,0.0001000023
628,4.72,0.0001000023
629,4.71,0.0001000022
630,4.7,0.0001000022
631,4.69,0.0001000022
632,4.68,0.0001000022
633,4.67,0.0001000022
634,4.66,0.0001000022
635,4.65,0.0001000023
636,4.64,0.0001000022
637,4.63,0.0001000022
638,4.62,0.0001000022
639,4.61,0.0001000022
640,4.6000000000000005,0.0001000022
641,4.59,0.0001000022
642,4.58,0.0001000022
643,4.57,0.0001000021
644,4.5600000000000005,0.0001000023
645,4.55,0.0001000023
646,4.54,0.0001000022
647,4.53,0.0001000023
648,4.5200000000000005,0.0001000022
649,4.51,0.0001000022
650,4.5,0.0001000022
651,4.49,0.0001000022
652,4.48,0.0001000022
653,4.47,0.0001000023
654,4.46,0.0001000022
655,4.45,0.0001000023
656,4.44,0.0001000021
657,4.43,0.0001000022
658,4.42,0.0001000022
659,4.41,0.0001000023
660,4.4,0.0001000023
661,4.39,0.0001000022
662,4.38,0.0001000023
663,4.37,0.0001000022
664,4.36,0.0001000022
665,4.3500000000000005,0.0001000022
666,4.34,0.0001000022
667,4.33,0.0001000022
668,4.32,0.0001000023
669,4.3100000000000005,0.0001000023
670,4.3,0.0001000023
671,4.29,0.0001000023
672,4.28,0.0001000023
673,4.2700000000000005,0.0001000023
674,4.26,0.0001000022
675,4.25,0.0001000021
676,4.24,0.0001000022
677,4.23,0.0001000023
678,4.22,0.0001000022
679,4.21,0.0001000022
680,4.2,0.0001000022
681,4.19,0.0001000022
682,4.18,0.0001000022
683,4.17,0.0001000022
684,4.16,0.0001000023
685,4.15,0.0001000022
686,4.14,0.0001000022
687,4.13,0.0001000022
688,4.12,0.0001000022
689,4.11,0.0001000023
690,4.1,0.0001000022
691,4.09,0.0001000022
692,4.08,0.0001000022
693,4.07,0.0001000022
694,4.0600000000000005,0.0001000021
695,4.05,0.0001000022
696,4.04,0.0001000022
697,4.03,0.0001000022
698,4.0200000000000005,0.0001000022
699,4.01,0.0001000022
700,4.0,0.0001000021
701,3.99,0.0001000021
702,3.98,0.0001000022
703,3.97,0.0001000021
704,3.96,0.0001000022
705,3.95,0.0001000022
706,3.94,0.0001000022
707,3.93,0.0001000022
708,3.92,0.0001000023
709,3.91,0.0001000023
710,3.9,0.0001000022
711,3.89,0.0001000023
712,3.88,0.0001000023
713,3.87,0.0001000022
714,3.86,0.0001000023
715,3.85,0.0001000021
716,3.84,0.0001000022
717,3.83,0.0001000023
718,3.82,0.0001000022
719,3.81,0.0001000022
720,3.8,0.0001000023
721,3.79,0.0001000022
722,3.78,0.0001000023
723,3.77,0.0001000021
724,3.76,0.0001000021
725,3.75,0.0001000022
726,3.74,0.0001000022
727,3.73,0.0001000022
728,3.72,0.0001000022
729,3.71,0.0001000021
730,3.7,0.0001000022
731,3.69,0.0001000022
732,3.68,0.0001000022
733,3.67,0.0001000022
734,3.66,0.0001000023
735,3.65,0.0001000022
736,3.64,0.0001000022
737,3.63,0.0001000023
738,3.62,0.0001000021
739,3.61,0.0001000022
740,3.6,0.0001000021
741,3.59,0.0001000022
742,3.58,0.0001000022
743,3.5700000000000003,0.0001000022
744,3.56,0.0001000023
745,3.5500000000000003,0.0001000022
746,3.54,0.0001000023
747,3.53,0.0001000022
748,3.52,0.0001000022
749,3.51,0.0001000022
750,3.5,0.0001000022
751,3.49,0.0001000022
752,3.48,0.0001000021
753,3.47,0.0001000022
754,3.46,0.000100002
755,3.45,0.0001000021
756,3.44,0.0001000022
757,3.43,0.0001000022
758,3.42,0.0001000022
759,3.41,0.0001000021
760,3.4,0.0001000022
761,3.39,0.0001000022
762,3.38,0.0001000021
763,3.37,0.0001000023
764,3.36,0.0001000022
765,3.35,0.0001000023
766,3.34,0.0001000021
767,3.33,0.0001000022
768,3.3200000000000003,0.0001000023
769,3.31,0.0001000022
770,3.3000000000000003,0.0001000023
771,3.29,0.0001000021
772,3.28,0.0001000022
773,3.27,0.0001000022
774,3.26,0.0001000022
775,3.25,0.0001000022
776,3.24,0.0001000022
777,3.23,0.0001000023
778,3.22,0.0001000023
779,3.21,0.0001000022
780,3.2,0.0001000022
781,3.19,0.0001000022
782,3.18,0.0001000022
783,3.17,0.0001000022
784,3.16,0.0001000022
785,3.15,0.0001000022
786,3.14,0.0001000021
787,3.13,0.0001000022
788,3.12,0.0001000022
789,3.11,0.0001000022
790,3.1,0.0001000022
791,3.09,0.0001000022
792,3.08,0.0001000021
793,3.0700000000000003,0.0001000022
794,3.06,0.0001000022
795,3.0500000000000003,0.0001000023
796,3.04,0.0001000022
797,3.03,0.0001000022
798,3.02,0.0001000021
799,3.01,0.0001000022
800,3.0,0.0001000022
801,2.99,0.0001000022
802,2.98,0.0001000023
803,2.97,0.0001000022
804,2.96,0.0001000022
805,2.95,0.0001000022
806,2.94,0.0001000022
807,2.93,0.0001000022
808,2.92,0.0001000022
809,2.91,0.0001000022
810,2.9,0.0001000023
811,2.89,0.0001000022
812,2.88,0.0001000022
813,2.87,0.0001000022
814,2.86,0.0001000022
815,2.85,0.0001000022
816,2.84,0.0001000023
817,2.83,0.0001000022
818,2.82,0.0001000022
819,2.81,0.0001000023
820,2.8000000000000003,0.0001000022
821,2.79,0.0001000022
822,2.78,0.0001000022
823,2.77,0.0001000022
824,2.76,0.0001000023
825,2.75,0.0001000022
826,2.74,0.0001000021
827,2.73,0.0001000021
828,2.72,0.0001000022
829,2.71,0.0001000022
830,2.7,0.0001000021
831,2.69,0.0001000022
832,2.68,0.0001000023
833,2.67,0.0001000023
834,2.66,0.0001000022
835,2.65,0.0001000023
836,2.64,0.0001000022
837,2.63,0.0001000022
838,2.62,0.0001000023
839,2.61,0.0001000022
840,2.6,0.0001000023
841,2.59,0.0001000023
842,2.58,0.0001000022
843,2.57,0.0001000023
844,2.56,0.0001000023
845,2.5500000000000003,0.0001000021
846,2.54,0.0001000023
847,2.53,0.0001000022
848,2.52,0.0001000022
849,2.51,0.0001000022
850,2.5,0.0001000022
851,2.49,0.0001000022
852,2.48,0.0001000022
853,2.47,0.0001000022
854,2.46,0.0001000022
855,2.45,0.0001000022
856,2.44,0.0001000022
857,2.43,0.0001000022
858,2.42,0.0001000021
859,2.41,0.0001000022
860,2.4,0.0001000023
861,2.39,0.0001000022
862,2.38,0.0001000022
863,2.37,0.0001000022
864,2.36,0.0001000022
865,2.35,0.0001000022
866,2.34,0.0001000023
867,2.33,0.0001000023
868,2.32,0.0001000023
869,2.31,0.0001000022
870,2.3000000000000003,0.0001000022
871,2.29,0.0001000022
872,2.28,0.0001000022
873,2.27,0.0001000022
874,2.26,0.0001000022
875,2.25,0.0001000023
876,2.24,0.0001000022
877,2.23,0.0001000022
878,2.22,0.0001000023
879,2.21,0.0001000023
880,2.2,0.0001000023
881,2.19,0.0001000022
882,2.18,0.0001000022
883,2.17,0.0001000023
884,2.16,0.0001000021
885,2.15,0.0001000022
886,2.14,0.0001000022
887,2.13,0.0001000023
888,2.12,0.0001000023
889,2.11,0.0001000022
890,2.1,0.0001000023
891,2.09,0.0001000022
892,2.08,0.0001000023
893,2.07,0.0001000022
894,2.06,0.0001000023
895,2.05,0.0001000022
896,2.04,0.0001000022
897,2.03,0.0001000022
898,2.02,0.0001000022
899,2.01,0.0001000023
900,2.0,0.0001000023
901,1.99,0.0001000022
902,1.98,0.0001000022
903,1.97,0.0001000022
904,1.96,0.0001000023
905,1.95,0.0001000022
906,1.94,0.0001000023
907,1.93,0.0001000023
908,1.92,0.0001000022
909,1.91,0.0001000022
910,1.9,0.0001000022
911,1.89,0.0001000022
912,1.88,0.0001000022
913,1.87,0.0001000021
914,1.86,0.0001000022
915,1.85,0.0001000022
916,1.84,0.0001000022
917,1.83,0.0001000022
918,1.82,0.0001000022
919,1.81,0.0001000023
920,1.8,0.0001000022
921,1.79,0.0001000022
922,1.78,0.0001000022
923,1.77,0.0001000022
924,1.76,0.0001000023
925,1.75,0.0001000022
926,1.74,0.0001000023
927,1.73,0.0001000022
928,1.72,0.0001000023
929,1.71,0.0001000023
930,1.7,0.0001000022
931,1.69,0.0001000022
932,1.68,0.0001000023
933,1.67,0.0001000022
934,1.66,0.0001000023
935,1.65,0.0001000022
936,1.64,0.0001000023
937,1.63,0.0001000022
938,1.62,0.0001000023
939,1.61,0.0001000021
940,1.6,0.0001000023
941,1.59,0.0001000023
942,1.58,0.0001000023
943,1.57,0.0001000023
944,1.56,0.0001000022
945,1.55,0.0001000023
946,1.54,0.0001000022
947,1.53,0.0001000022
948,1.52,0.0001000022
949,1.51,0.0001000022
950,1.5,0.0001000022
951,1.49,0.0001000023
952,1.48,0.0001000023
953,1.47,0.0001000021
954,1.46,0.0001000022
955,1.45,0.0001000022
956,1.44,0.0001000023
957,1.43,0.0001000022
958,1.42,0.0001000023
959,1.41,0.0001000022
960,1.4,0.0001000023
961,1.39,0.0001000022
962,1.38,0.0001000023
963,1.37,0.0001000022
964,1.36,0.0001000023
965,1.35,0.0001000023
966,1.34,0.0001000022
967,1.33,0.0001000022
968,1.32,0.0001000022
969,1.31,0.0001000021
970,1.3,0.0001000022
971,1.29,0.0001000022
972,1.28,0.0001000022
973,1.27,0.0001000021
974,1.26,0.0001000022
975,1.25,0.0001000022
976,1.24,0.0001000023
977,1.23,0.0001000022
978,1.22,0.0001000022
979,1.21,0.0001000021
980,1.2,0.0001000022
981,1.19,0.0001000022
982,1.18,0.0001000022
983,1.17,0.0001000023
984,1.16,0.0001000022
985,1.15,0.0001000023
986,1.14,0.0001000023
987,1.13,0.0001000023
988,1.12,0.0001000022
989,1.11,0.0001000022
990,1.1,0.0001000022
991,1.09,0.0001000022
992,1.08,0.0001000022
993,1.07,0.0001000022
994,1.06,0.0001000021
995,1.05,0.0001000022
996,1.04,0.0001000022
997,1.03,0.0001000022
998,1.02,0.0001000022
999,1.01,0.0001000021
1000,1.0,0.0001000022
1001,0.99,0.0001000022
1002,0.98,0.0001000022
1003,0.97,0.0001000023
1004,0.96,0.0001000022
1005,0.95,0.0001000021
1006,0.94,0.0001000022
1007,0.93,0.000100002
1008,0.92,0.0001000021
1009,0.91,0.0001000023
1010,0.9,0.0001000021
1011,0.89,0.0001000021
1012,0.88,0.0001000023
1013,0.87,0.0001000022
1014,0.86,0.0001000022
1015,0.85,0.0001000022
1016,0.84,0.0001000022
1017,0.83,0.0001000022
1018,0.82,0.0001000022
1019,0.81,0.0001000022
1020,0.8,0.0001000022
1021,0.79,0.0001000022
1022,0.78,0.0001000021
1023,0.77,0.0001000023
1024,0.76,0.0001000022
1025,0.75,0.0001000023
1026,0.74,0.0001000023
1027,0.73,0.0001000022
1028,0.72,0.0001000023
1029,0.71,0.0001000023
1030,0.7,0.0001000022
1031,0.69,0.0001000022
1032,0.68,0.0001000022
1033,0.67,0.0001000022
1034,0.66,0.0001000022
1035,0.65,0.0001000021
1036,0.64,0.0001000021
1037,0.63,0.0001000021
1038,0.62,0.0001000021
1039,0.61,0.0001000022
1040,0.6,0.0001000021
1041,0.59,0.0001000022
1042,0.58,0.0001000022
1043,0.57,0.0001000023
1044,0.56,0.0001000022
1045,0.55,0.0001000022
1046,0.54,0.0001000022
1047,0.53,0.0001000022
1048,0.52,0.0001000023
1049,0.51,0.0001000022
1050,0.5,0.0001000022
1051,0.49,0.0001000022
1052,0.48,0.0001000021
1053,0.47,0.0001000022
1054,0.46,0.0001000022
1055,0.45,0.0001000022
1056,0.44,0.0001000022
1057,0.43,0.0001000022
1058,0.42,0.0001000022
1059,0.41,0.0001000023
1060,0.4,0.0001000023
1061,0.39,0.0001000022
1062,0.38,0.0001000022
1063,0.37,0.0001000022
1064,0.36,0.0001000021
1065,0.35,0.0001000021
1066,0.34,0.0001000023
1067,0.33,0.0001000023
1068,0.32,0.0001000023
1069,0.31,0.0001000021
1070,0.3,0.0001000022
1071,0.29,0.0001000022
1072,0.28,0.0001000021
1073,0.27,0.0001000022
1074,0.26,0.0001000022
1075,0.25,0.0001000022
1076,0.24,0.0001000023
1077,0.23,0.0001000023
1078,0.22,0.0001000021
1079,0.21,0.0001000023
1080,0.2,0.0001000024
1081,0.19,0.0001000021
1082,0.18,0.0001000023
1083,0.17,0.0001000022
1084,0.16,0.0001000022
1085,0.15,0.0001000022
1086,0.14,0.0001000022
1087,0.13,0.0001000022
1088,0.12,0.0001000022
1089,0.11,0.0001000023
1090,0.1,0.0001000022
1091,0.09,0.0001000022
1092,0.08,0.0001000022
1093,0.07,0.0001000021
1094,0.06,0.0001000021
1095,0.05,0.0001000022
1096,0.04,0.0001000022
1097,0.03,0.0001000022
1098,0.02,7.80342e-05
1099,0.01,3.9673100000000005e-05
1100,0.0,-9.76612e-10
